Classificator,Accuracy,Calc Accuracy,Precision,Recall,False Positive Rate
KNeighborsClassifier,0.9197056683108272,0.9197056683108272,0.9035973493215526,0.9374693075789818,0.09763502716522851
LinearSVM,0.5521791865448371,0.5521953586156707,0.5272345702566059,0.9047307251596006,0.7919463087248322
RBFSVM,0.7764696369370098,0.7765019810786771,0.7219641672196416,0.8904894418071697,0.3347714924896133
DecisionTree,0.9355866418694914,0.9355542977278241,0.9206525182134938,0.9515468980193158,0.0800575263662512
RandomForest,0.907010592706396,0.9070105927063961,0.8842398884239888,0.9340317564249468,0.11936720997123682
AdaBoostClassifier,0.8383924961591331,0.8384410123716342,0.7771336119724956,0.9435259453265673,0.2641418983700863
GaussianNaiveBayes,0.5057491711813699,0.5057815153230372,0.49987726045331804,1.0,0.9766698625759028
Ensemble,0.8515727338885745,0.8516212501010755,0.7856951871657754,0.9620232443935177,0.25615212527964204
