Classificator,Accuracy,Calc Accuracy,Precision,Recall,False Positive Rate
KNeighborsClassifier,0.8790901848979077,0.8791874554526016,0.8678847505270555,0.8910533910533911,0.1323943661971831
LinearSVM,0.5496537722197024,0.5495367070563079,0.5254378648874062,0.9090909090909091,0.8014084507042254
RBFSVM,0.7465598164361319,0.746524064171123,0.6968457943925234,0.8613718411552347,0.3654929577464789
DecisionTree,0.8601270768140082,0.8602495543672014,0.8686943620178041,0.8448773448773449,0.12473572938689217
RandomForest,0.884437626019111,0.8844919786096257,0.8657024793388429,0.9069264069264069,0.13742071881606766
AdaBoostClassifier,0.8108645975075055,0.8107626514611547,0.7416619559072922,0.9466089466089466,0.321830985915493
GaussianNaiveBayes,0.5051683240522282,0.5051693404634581,0.4996395097332372,1.0,0.97815362931642
Ensemble,0.8276176210132858,0.827512473271561,0.767497034400949,0.9336219336219336,0.27605633802816903
