Classificator,Accuracy,Calc Accuracy,Precision,Recall,False Positive Rate
KNeighborsClassifier,0.9449009374237278,0.9449020848231476,0.9334601018675721,0.9566536748329622,0.06656973584085227
LinearSVM,0.5651016384941631,0.5651025909015898,0.5354754000891839,0.902630846325167,0.7643901511033808
RBFSVM,0.7945261220954996,0.7945294020573189,0.7305688662241174,0.9252923162583518,0.333120447874769
DecisionTree,0.9502917494389127,0.9502932621894619,0.9291549875792074,0.9736080178173719,0.0724661312896607
RandomForest,0.9156626497768903,0.9156593368813345,0.888683012122082,0.9480101891677455,0.11592135121546886
AdaBoostClassifier,0.8520909335901443,0.8520958248528522,0.7929091882580255,0.9482461024498886,0.24176540928361778
GaussianNaiveBayes,0.5060007208332297,0.505999326150186,0.49998608056568583,1.0,0.9762341527047409
Ensemble,0.8661950604783009,0.866192679790694,0.7982847771121386,0.9756542316258352,0.2406614759555936
