VALUE,1 RES SMALL,1 RES LARGE,2 RES LARGE
ACCURACY,0.9396781757904099,0.8667481346419935,0.8673609356964486
PRECISION,0.9159298898712579,0.892611767318556,0.8687793865093811
