VALUE,1 RES SMALL,1 RES LARGE,2 RES LARGE
ACCURACY,0.887384176764077,0.7979420818606773,0.81051785865306
PRECISION,0.8684573002754821,0.8383890873660279,0.8239733498422805
