VALUE,1 RES SMALL,1 RES LARGE,2 RES LARGE
ACCURACY,0.9509461466527311,0.8826831553389517,0.8848718564320026
PRECISION,0.9287550690450317,0.899268709556464,0.8851458363886855
